<?xml version="1.0" encoding="UTF-8"?>
<project-private xmlns="http://www.netbeans.org/ns/project-private/1">
    <editor-bookmarks xmlns="http://www.netbeans.org/ns/editor-bookmarks/2" lastBookmarkId="0"/>
    <open-files xmlns="http://www.netbeans.org/ns/projectui-open-files/2">
        <group>
            <file>file:/C:/Users/mireya/Desktop/PROGRAMACION%20DE%20INTERFASES/USUARIOBASE/Proyecto%20Control%20Horarios/src/reportes/REPORTE.java</file>
            <file>file:/C:/Users/mireya/Desktop/PROGRAMACION%20DE%20INTERFASES/USUARIOBASE/Proyecto%20Control%20Horarios/src/UI/Turno/UIConexion.java</file>
            <file>file:/C:/Users/mireya/Desktop/PROGRAMACION%20DE%20INTERFASES/USUARIOBASE/Proyecto%20Control%20Horarios/src/UI/Turno/UITurno.java</file>
            <file>file:/C:/Users/mireya/Desktop/PROGRAMACION%20DE%20INTERFASES/USUARIOBASE/Proyecto%20Control%20Horarios/src/Turno/DAO/TurnoDAO.java</file>
        </group>
    </open-files>
</project-private>
